{
  "organ": "kidney_right",
  "has_anomaly": true,
  "probability_threshold": 0.46999999999999986,
  "suspicious_slices": [
    "features/000007_03_01/kidney_right/055_OUT_crop.pt",
    "features/000007_03_01/kidney_right/056_OUT_crop.pt",
    "features/000007_03_01/kidney_right/057_OUT_crop.pt",
    "features/000007_03_01/kidney_right/060_OUT_crop.pt",
    "features/000007_03_01/kidney_right/061_OUT_crop.pt",
    "features/000007_03_01/kidney_right/062_OUT_crop.pt",
    "features/000007_03_01/kidney_right/069_OUT_crop.pt"
  ],
  "all_probabilities": [
    0.24645483493804932,
    0.1835436224937439,
    0.04493224620819092,
    0.031986068934202194,
    0.06225104257464409,
    0.027596373111009598,
    0.02940286695957184,
    0.07376747578382492,
    0.1631748080253601,
    0.1643458902835846,
    0.2397087812423706,
    0.20961889624595642,
    0.1226734071969986,
    0.14922018349170685,
    0.360623836517334,
    0.24170954525470734,
    0.5880631804466248,
    0.6935427784919739,
    0.571605920791626,
    0.22832347452640533,
    0.452100932598114,
    0.5809699892997742,
    0.5941963195800781,
    0.8861255645751953,
    0.3397984802722931,
    0.16188134253025055,
    0.12254730612039566,
    0.06872159242630005,
    0.3257298767566681,
    0.2998591661453247,
    0.6054444313049316,
    0.4354279041290283,
    0.16297924518585205,
    0.22007954120635986
  ]
}