{
  "organ": "pancreas",
  "has_anomaly": true,
  "probability_threshold": 0.3599999999999999,
  "suspicious_slices": [
    "features/000007_03_01/pancreas/043_OUT_crop.pt",
    "features/000007_03_01/pancreas/049_OUT_crop.pt",
    "features/000007_03_01/pancreas/050_OUT_crop.pt",
    "features/000007_03_01/pancreas/052_OUT_crop.pt",
    "features/000007_03_01/pancreas/055_OUT_crop.pt",
    "features/000007_03_01/pancreas/056_OUT_crop.pt",
    "features/000007_03_01/pancreas/057_OUT_crop.pt",
    "features/000007_03_01/pancreas/058_OUT_crop.pt",
    "features/000007_03_01/pancreas/060_OUT_crop.pt",
    "features/000007_03_01/pancreas/064_OUT_crop.pt"
  ],
  "all_probabilities": [
    0.1286902278661728,
    0.2633901536464691,
    0.4867632985115051,
    0.15621399879455566,
    0.1860644519329071,
    0.20222236216068268,
    0.13521480560302734,
    0.05255027487874031,
    0.39684808254241943,
    0.7253181338310242,
    0.3238532245159149,
    0.4494822323322296,
    0.15791326761245728,
    0.18279236555099487,
    0.4315187931060791,
    0.8606407046318054,
    0.6570369601249695,
    0.6555911898612976,
    0.290439635515213,
    0.36546045541763306,
    0.10929486155509949,
    0.3227906823158264,
    0.1240972951054573,
    0.42243096232414246,
    0.2722913920879364,
    0.025404896587133408,
    0.2177232801914215,
    0.08935128152370453,
    0.04247107729315758,
    0.15570959448814392,
    0.03512021526694298,
    0.05211417004466057
  ]
}