{
  "organ": "liver",
  "has_anomaly": false,
  "probability_threshold": 0.45999999999999985,
  "suspicious_slices": [],
  "all_probabilities": [
    0.3939492106437683,
    0.044907279312610626,
    0.09462878853082657,
    0.2941271662712097,
    0.05797402560710907,
    0.1792270988225937,
    0.07410748302936554,
    0.09979952126741409,
    0.3158959448337555,
    0.12624479830265045,
    0.07987623661756516,
    0.11200620234012604,
    0.393350213766098,
    0.28731605410575867,
    0.20709192752838135,
    0.19454434514045715,
    0.31057244539260864,
    0.09827274829149246,
    0.08344943076372147,
    0.4077977240085602,
    0.095648393034935,
    0.19126830995082855,
    0.36202573776245117,
    0.11079484224319458,
    0.2931739389896393,
    0.25945502519607544,
    0.04882851615548134,
    0.10069356113672256,
    0.16854171454906464,
    0.04280901327729225,
    0.23090337216854095,
    0.08369775116443634,
    0.06096406653523445,
    0.20316074788570404,
    0.017670294269919395,
    0.21294242143630981
  ]
}