{
  "organ": "gallbladder",
  "has_anomaly": true,
  "probability_threshold": 0.5599999999999997,
  "suspicious_slices": [
    "features/000007_03_01/gallbladder/068_OUT_crop.pt",
    "features/000007_03_01/gallbladder/070_OUT_crop.pt"
  ],
  "all_probabilities": [
    0.04929899051785469,
    0.06755764037370682,
    0.041363053023815155,
    0.2075832337141037,
    0.07020255923271179,
    0.21035946905612946,
    0.2681010067462921,
    0.5823224186897278,
    0.02989259734749794,
    0.5652176737785339,
    0.11314880847930908,
    0.009679550305008888
  ]
}