{
  "organ": "kidney_left",
  "has_anomaly": true,
  "probability_threshold": 0.3799999999999999,
  "suspicious_slices": [
    "features/000007_03_01/kidney_left/041_OUT_crop.pt",
    "features/000007_03_01/kidney_left/043_OUT_crop.pt",
    "features/000007_03_01/kidney_left/046_OUT_crop.pt",
    "features/000007_03_01/kidney_left/047_OUT_crop.pt",
    "features/000007_03_01/kidney_left/048_OUT_crop.pt",
    "features/000007_03_01/kidney_left/049_OUT_crop.pt",
    "features/000007_03_01/kidney_left/050_OUT_crop.pt",
    "features/000007_03_01/kidney_left/051_OUT_crop.pt",
    "features/000007_03_01/kidney_left/052_OUT_crop.pt",
    "features/000007_03_01/kidney_left/053_OUT_crop.pt",
    "features/000007_03_01/kidney_left/054_OUT_crop.pt",
    "features/000007_03_01/kidney_left/055_OUT_crop.pt",
    "features/000007_03_01/kidney_left/056_OUT_crop.pt",
    "features/000007_03_01/kidney_left/057_OUT_crop.pt",
    "features/000007_03_01/kidney_left/058_OUT_crop.pt",
    "features/000007_03_01/kidney_left/059_OUT_crop.pt",
    "features/000007_03_01/kidney_left/060_OUT_crop.pt",
    "features/000007_03_01/kidney_left/061_OUT_crop.pt",
    "features/000007_03_01/kidney_left/062_OUT_crop.pt",
    "features/000007_03_01/kidney_left/063_OUT_crop.pt",
    "features/000007_03_01/kidney_left/064_OUT_crop.pt",
    "features/000007_03_01/kidney_left/065_OUT_crop.pt",
    "features/000007_03_01/kidney_left/066_OUT_crop.pt",
    "features/000007_03_01/kidney_left/071_OUT_crop.pt"
  ],
  "all_probabilities": [
    0.2417231649160385,
    0.22720779478549957,
    0.021016601473093033,
    0.03596687689423561,
    0.3994983732700348,
    0.27156341075897217,
    0.6534545421600342,
    0.15252593159675598,
    0.1672847718000412,
    0.5296064019203186,
    0.4847181439399719,
    0.38822808861732483,
    0.8976469039916992,
    0.7469594478607178,
    0.8276331424713135,
    0.7479627132415771,
    0.7744339108467102,
    0.7271338105201721,
    0.8713364005088806,
    0.9242361187934875,
    0.6606137156486511,
    0.6898546814918518,
    0.9399189352989197,
    0.8959103226661682,
    0.6250306963920593,
    0.8159841895103455,
    0.6034702062606812,
    0.5740686655044556,
    0.8135483860969543,
    0.9378244280815125,
    0.3221209645271301,
    0.23194091022014618,
    0.0891931876540184,
    0.12410137802362442,
    0.5027650594711304,
    0.06184450909495354
  ]
}