{
  "organ": "stomach",
  "has_anomaly": false,
  "probability_threshold": 0.45999999999999985,
  "suspicious_slices": [],
  "all_probabilities": [
    0.22378520667552948,
    0.1369093656539917,
    0.1405244618654251,
    0.17227278649806976,
    0.15147186815738678,
    0.14901655912399292,
    0.07310725003480911,
    0.15389613807201385,
    0.23285754024982452,
    0.07429445534944534,
    0.12549443542957306,
    0.1618950515985489,
    0.2730512320995331,
    0.3663922846317291,
    0.16103878617286682,
    0.2705509066581726,
    0.10374997556209564,
    0.040007028728723526,
    0.10293194651603699,
    0.08622407168149948,
    0.11545311659574509,
    0.08699144423007965,
    0.06988166272640228,
    0.1561226099729538,
    0.015581781975924969,
    0.35665708780288696,
    0.23785647749900818,
    0.22463880479335785,
    0.17767992615699768,
    0.12011339515447617,
    0.2119596004486084,
    0.04429008066654205,
    0.03439019247889519,
    0.152827650308609,
    0.0662124902009964,
    0.06903144717216492
  ]
}