{
  "organ": "spleen",
  "has_anomaly": true,
  "probability_threshold": 0.44999999999999984,
  "suspicious_slices": [
    "features/000007_03_01/spleen/040_OUT_crop.pt",
    "features/000007_03_01/spleen/043_OUT_crop.pt",
    "features/000007_03_01/spleen/045_OUT_crop.pt",
    "features/000007_03_01/spleen/048_OUT_crop.pt",
    "features/000007_03_01/spleen/050_OUT_crop.pt",
    "features/000007_03_01/spleen/052_OUT_crop.pt",
    "features/000007_03_01/spleen/053_OUT_crop.pt",
    "features/000007_03_01/spleen/054_OUT_crop.pt",
    "features/000007_03_01/spleen/055_OUT_crop.pt",
    "features/000007_03_01/spleen/056_OUT_crop.pt"
  ],
  "all_probabilities": [
    0.3556593954563141,
    0.3049652576446533,
    0.3089333176612854,
    0.5437925457954407,
    0.21319977939128876,
    0.3910978138446808,
    0.673530638217926,
    0.3819258213043213,
    0.8340864777565002,
    0.29757973551750183,
    0.2445271611213684,
    0.8860689401626587,
    0.4094281792640686,
    0.889715313911438,
    0.4340243935585022,
    0.8500943779945374,
    0.9009852409362793,
    0.5714873671531677,
    0.5186918377876282,
    0.600999653339386,
    0.10561246424913406,
    0.21273759007453918,
    0.05500064045190811,
    0.16502049565315247,
    0.042130108922719955,
    0.05710194259881973
  ]
}